id_amzn,id_g,y
b00001qgvr,http://www.google.com/base/feeds/snippets/17956725325082284641,1
b00001xdw7,http://www.google.com/base/feeds/snippets/10541632718220382972,1
b00002s5ig,http://www.google.com/base/feeds/snippets/10121034673222484873,1
b00002s5ig,http://www.google.com/base/feeds/snippets/16696977577840370909,1
b00002s5ig,http://www.google.com/base/feeds/snippets/4015258116571466944,1
b00002s5ig,http://www.google.com/base/feeds/snippets/8376577004489658408,1
b00002s75b,http://www.google.com/base/feeds/snippets/18029245320668853953,1
b00004nhn7,http://www.google.com/base/feeds/snippets/18434385825570199468,1
b00004ochi,http://www.google.com/base/feeds/snippets/13869960802688221937,1
b00004ochi,http://www.google.com/base/feeds/snippets/2954833753751672874,1
b00004ochi,http://www.google.com/base/feeds/snippets/8564521918031484066,1
b00004ochj,http://www.google.com/base/feeds/snippets/5722368875390495429,1
b00004tkvy,http://www.google.com/base/feeds/snippets/18441110047404795849,1
b000056b62,http://www.google.com/base/feeds/snippets/18446496383812786183,1
b00005atxo,http://www.google.com/base/feeds/snippets/11430069725574750424,1
b00005birs,http://www.google.com/base/feeds/snippets/16816523477506304009,1
b00005ld1r,http://www.google.com/base/feeds/snippets/18367097829354438075,1
b00005op44,http://www.google.com/base/feeds/snippets/18381906790026125106,1
b00005wf9v,http://www.google.com/base/feeds/snippets/16689580885336652505,1
b00005yx8i,http://www.google.com/base/feeds/snippets/18417819850768172148,1
b000063v0z,http://www.google.com/base/feeds/snippets/3325089562849958903,1
b000067vpa,http://www.google.com/base/feeds/snippets/18389772286278704810,1
b000068u3h,http://www.google.com/base/feeds/snippets/11635339528486156141,1
b000068xl9,http://www.google.com/base/feeds/snippets/18398774476993389905,1
b0000696oh,http://www.google.com/base/feeds/snippets/18180725296745787083,1
b00006gxbz,http://www.google.com/base/feeds/snippets/3767792591229692245,1
b00006gxbz,http://www.google.com/base/feeds/snippets/6859916462314032120,1
b00006gxbz,http://www.google.com/base/feeds/snippets/9070775827291844765,1
b00006h38u,http://www.google.com/base/feeds/snippets/18406000514365649458,1
b00006hvvo,http://www.google.com/base/feeds/snippets/3409784122469217433,1
b00006hvvo,http://www.google.com/base/feeds/snippets/9687887699930800156,1
b00006iqth,http://www.google.com/base/feeds/snippets/13286819633533674312,1
b00006j02n,http://www.google.com/base/feeds/snippets/18268949289189904876,1
b00006rgnx,http://www.google.com/base/feeds/snippets/6732814497585724663,1
b000070ilx,http://www.google.com/base/feeds/snippets/13036666023758000710,1
b00007bguc,http://www.google.com/base/feeds/snippets/17967569973770560353,1
b00007e8bi,http://www.google.com/base/feeds/snippets/18286585073343765950,1
b00007eegy,http://www.google.com/base/feeds/snippets/3997486488729671932,1
b00007kh02,http://www.google.com/base/feeds/snippets/4749954713094759082,1
b00007kh02,http://www.google.com/base/feeds/snippets/7249154325906371083,1
b000088ner,http://www.google.com/base/feeds/snippets/1347968736695236641,1
b000088ner,http://www.google.com/base/feeds/snippets/4776201646741876078,1
b0000899lt,http://www.google.com/base/feeds/snippets/16676630267570211401,1
b00008ajjc,http://www.google.com/base/feeds/snippets/18424464601572004274,1
b00008mnxq,http://www.google.com/base/feeds/snippets/18380054536947094037,1
b00008mnxr,http://www.google.com/base/feeds/snippets/13582930230756997101,1
b00008mnxz,http://www.google.com/base/feeds/snippets/18389048469504944658,1
b00008mnxz,http://www.google.com/base/feeds/snippets/9445487736380311288,1
b00008mopv,http://www.google.com/base/feeds/snippets/16621550764866327052,1
b000090179,http://www.google.com/base/feeds/snippets/16002979675138477406,1
b000090179,http://www.google.com/base/feeds/snippets/17953929889613420408,1
b000090179,http://www.google.com/base/feeds/snippets/4323218411575640054,1
b000090179,http://www.google.com/base/feeds/snippets/9700384320550908183,1
b0000959kx,http://www.google.com/base/feeds/snippets/6052848636732301170,1
b000098xiy,http://www.google.com/base/feeds/snippets/12991839860010855049,1
b000098xjo,http://www.google.com/base/feeds/snippets/16361312648941715869,1
b0000990y7,http://www.google.com/base/feeds/snippets/13833576505530604294,1
b000099107,http://www.google.com/base/feeds/snippets/16698946140878275557,1
b000099108,http://www.google.com/base/feeds/snippets/18105761375553744131,1
b000099sie,http://www.google.com/base/feeds/snippets/12471937113581397461,1
b000099sin,http://www.google.com/base/feeds/snippets/18383594456090582739,1
b00009adf3,http://www.google.com/base/feeds/snippets/10843999530069218918,1
b00009adf3,http://www.google.com/base/feeds/snippets/12203635138191657547,1
b00009apn8,http://www.google.com/base/feeds/snippets/17298617365180292947,1
b00009apna,http://www.google.com/base/feeds/snippets/3435680088823178198,1
b00009nfc1,http://www.google.com/base/feeds/snippets/4441393199380874556,1
b00009v3nw,http://www.google.com/base/feeds/snippets/16452108546715101414,1
b00009v7hf,http://www.google.com/base/feeds/snippets/18373045261595979693,1
b0000afu4e,http://www.google.com/base/feeds/snippets/10376000923691891679,1
b0000aka82,http://www.google.com/base/feeds/snippets/15883771067913561390,1
b0000als2s,http://www.google.com/base/feeds/snippets/17832927937923546408,1
b0000azk3v,http://www.google.com/base/feeds/snippets/5449819493015414043,1
b0000azk3v,http://www.google.com/base/feeds/snippets/8506958797516287357,1
b0000azvvs,http://www.google.com/base/feeds/snippets/2914315195947217599,1
b0000azvvs,http://www.google.com/base/feeds/snippets/5310740648374994867,1
b0000c4dx0,http://www.google.com/base/feeds/snippets/12956485848771496004,1
b0000c6eol,http://www.google.com/base/feeds/snippets/10445277524546945239,1
b0000c6fjm,http://www.google.com/base/feeds/snippets/18413075895200367717,1
b0000c7gep,http://www.google.com/base/feeds/snippets/18343959075631403504,1
b0000c7gep,http://www.google.com/base/feeds/snippets/18433413888105089937,1
b0000dzfvd,http://www.google.com/base/feeds/snippets/18398703861878507186,1
b0000vmim2,http://www.google.com/base/feeds/snippets/15283790763832398825,1
b0000vmim2,http://www.google.com/base/feeds/snippets/17335686828900761528,1
b0000vmimw,http://www.google.com/base/feeds/snippets/18364436159487312703,1
b0000vyk1o,http://www.google.com/base/feeds/snippets/17409160117322953940,1
b0000y7wck,http://www.google.com/base/feeds/snippets/18395209041486825295,1
b0000ycfcw,http://www.google.com/base/feeds/snippets/321181551780335576,1
b0000ycfdg,http://www.google.com/base/feeds/snippets/13728717906019565465,1
b0000ycfdq,http://www.google.com/base/feeds/snippets/4188176128903497851,1
b0000ycfe0,http://www.google.com/base/feeds/snippets/8175198959985911471,1
b00013wh0w,http://www.google.com/base/feeds/snippets/10202903815808902868,1
b00013wh0w,http://www.google.com/base/feeds/snippets/341468719852005595,1
b000162zp6,http://www.google.com/base/feeds/snippets/18423412970630780827,1
b000162zq0,http://www.google.com/base/feeds/snippets/18424247759201075212,1
b00019jgwi,http://www.google.com/base/feeds/snippets/407742822135371560,1
b00019tb00,http://www.google.com/base/feeds/snippets/251538724524961694,1
b00019tb00,http://www.google.com/base/feeds/snippets/272319572293073318,1
b00019tb00,http://www.google.com/base/feeds/snippets/4672425011703995374,1
b0001an1n2,http://www.google.com/base/feeds/snippets/14758105640999079833,1
b0001av65w,http://www.google.com/base/feeds/snippets/18312853825749428303,1
b0001bfdau,http://www.google.com/base/feeds/snippets/16537637847870148950,1
b0001bfdau,http://www.google.com/base/feeds/snippets/4018509382848032799,1
b0001bfdau,http://www.google.com/base/feeds/snippets/4081985616275580076,1
b0001bg5gq,http://www.google.com/base/feeds/snippets/11618158047568311763,1
b0001d56uu,http://www.google.com/base/feeds/snippets/18039361276696190381,1
b0001db6i6,http://www.google.com/base/feeds/snippets/12904825904608701558,1
b0001fyrq2,http://www.google.com/base/feeds/snippets/14693413290856659257,1
b0001fyrqc,http://www.google.com/base/feeds/snippets/16246834342456901109,1
b0001fyrqc,http://www.google.com/base/feeds/snippets/5976779863499710865,1
b0001fyrqc,http://www.google.com/base/feeds/snippets/7062936722155279808,1
b0001fyrqm,http://www.google.com/base/feeds/snippets/6239309275726276581,1
b0001g6q2e,http://www.google.com/base/feeds/snippets/6607475390801476875,1
b0001gu7di,http://www.google.com/base/feeds/snippets/1035187390817409083,1
b0001gu7jc,http://www.google.com/base/feeds/snippets/17037106486883484113,1
b0001h9l5m,http://www.google.com/base/feeds/snippets/15812045656958608251,1
b0001ipy66,http://www.google.com/base/feeds/snippets/17321125761149481127,1
b0001iqnc0,http://www.google.com/base/feeds/snippets/14425804478665246948,1
b0001iqnc0,http://www.google.com/base/feeds/snippets/18240279639195527181,1
b0001nm7zm,http://www.google.com/base/feeds/snippets/8829327324895223617,1
b0001wn0ky,http://www.google.com/base/feeds/snippets/16388256207576026986,1
b0001wn0li,http://www.google.com/base/feeds/snippets/18379653518269884966,1
b0001wn0sq,http://www.google.com/base/feeds/snippets/7946849252371593289,1
b0001wn16m,http://www.google.com/base/feeds/snippets/10092468528845066077,1
b0001wn16m,http://www.google.com/base/feeds/snippets/14391445631859374347,1
b0001wn16m,http://www.google.com/base/feeds/snippets/18372325427432567642,1
b0001wn16m,http://www.google.com/base/feeds/snippets/18396633258112051350,1
b0001wn18u,http://www.google.com/base/feeds/snippets/664913958514106734,1
b0001wn1a8,http://www.google.com/base/feeds/snippets/8324654787720267662,1
b0001wn1ee,http://www.google.com/base/feeds/snippets/12776057589362570320,1
b0001wn1fs,http://www.google.com/base/feeds/snippets/11687167580478628748,1
b0001xngz2,http://www.google.com/base/feeds/snippets/5836713568200382986,1
b0001xnkp8,http://www.google.com/base/feeds/snippets/12656847251589121665,1
b00020633g,http://www.google.com/base/feeds/snippets/5720091777255380975,1
b00021lrw2,http://www.google.com/base/feeds/snippets/6591008499871907116,1
b00021xhzw,http://www.google.com/base/feeds/snippets/18430621475529168165,1
b00022pti4,http://www.google.com/base/feeds/snippets/16729750960777382226,1
b00022pti4,http://www.google.com/base/feeds/snippets/7739419455751524618,1
b00022ptru,http://www.google.com/base/feeds/snippets/8761785470712681109,1
b00022ptt8,http://www.google.com/base/feeds/snippets/10568264795540984053,1
b00023azve,http://www.google.com/base/feeds/snippets/4949402291543451335,1
b00024wjrq,http://www.google.com/base/feeds/snippets/16744224390148606478,1
b00024yohy,http://www.google.com/base/feeds/snippets/9205821354688722990,1
b0002719lk,http://www.google.com/base/feeds/snippets/18416093365515680633,1
b00027eqmy,http://www.google.com/base/feeds/snippets/2460101921085498175,1
b0002al1z6,http://www.google.com/base/feeds/snippets/15577341303347278445,1
b0002bqqtq,http://www.google.com/base/feeds/snippets/12603976278153658661,1
b0002bqqxw,http://www.google.com/base/feeds/snippets/18436194751131787997,1
b0002bqrq8,http://www.google.com/base/feeds/snippets/18386073325514862606,1
b0002c3vqq,http://www.google.com/base/feeds/snippets/18371416588940021581,1
b0002ce0v6,http://www.google.com/base/feeds/snippets/17297585967951704634,1
b0002e3g6o,http://www.google.com/base/feeds/snippets/18384557845547191313,1
b0002fgfiy,http://www.google.com/base/feeds/snippets/16668702350993735780,1
b0002h6x34,http://www.google.com/base/feeds/snippets/4823291609006887387,1
b0002itt84,http://www.google.com/base/feeds/snippets/5505866551596188643,1
b0002iwyke,http://www.google.com/base/feeds/snippets/10827782844634609439,1
b0002jtvng,http://www.google.com/base/feeds/snippets/5572182459728876600,1
b0002nt5ho,http://www.google.com/base/feeds/snippets/5527718669808727624,1
b0002oqy1i,http://www.google.com/base/feeds/snippets/15832790434131694955,1
b0002qnd2y,http://www.google.com/base/feeds/snippets/975032998818002648,1
b0002r74a0,http://www.google.com/base/feeds/snippets/18380144380139373224,1
b0002vcuzk,http://www.google.com/base/feeds/snippets/14443906686010295390,1
b0002w37x8,http://www.google.com/base/feeds/snippets/18444171148464728826,1
b0002x1omi,http://www.google.com/base/feeds/snippets/7039940734695244235,1
b0002x9a1u,http://www.google.com/base/feeds/snippets/13871525141591734359,1
b0002z8a1o,http://www.google.com/base/feeds/snippets/18163685181387991761,1
b00030cbu4,http://www.google.com/base/feeds/snippets/18379664802687261824,1
b00030iej6,http://www.google.com/base/feeds/snippets/7742313617688572944,1
b000314vvu,http://www.google.com/base/feeds/snippets/18384366678790095384,1
b00032hexq,http://www.google.com/base/feeds/snippets/6856336028258284106,1
b00032hey0,http://www.google.com/base/feeds/snippets/13776469109811872414,1
b00032heya,http://www.google.com/base/feeds/snippets/6195321262763979528,1
b00032heyk,http://www.google.com/base/feeds/snippets/14100958400236899770,1
b00061m0qk,http://www.google.com/base/feeds/snippets/15404585187042606500,1
b00061u8sc,http://www.google.com/base/feeds/snippets/12121003713992255160,1
b00062ak2k,http://www.google.com/base/feeds/snippets/18376072611700638452,1
b00062jdka,http://www.google.com/base/feeds/snippets/9616317575612495489,1
b00062uji0,http://www.google.com/base/feeds/snippets/2604592440966815556,1
b00062uji0,http://www.google.com/base/feeds/snippets/2644254417608822315,1
b00063blg8,http://www.google.com/base/feeds/snippets/18399719239824156071,1
b0006513tg,http://www.google.com/base/feeds/snippets/5781318040297863663,1
b00068u7ww,http://www.google.com/base/feeds/snippets/13815055497602261010,1
b0006a5iwe,http://www.google.com/base/feeds/snippets/2275328841264109872,1
b0006aao96,http://www.google.com/base/feeds/snippets/15911936238938935149,1
b0006aao9g,http://www.google.com/base/feeds/snippets/15937975832085771486,1
b0006b63rw,http://www.google.com/base/feeds/snippets/12911813140487249020,1
b0006b64v2,http://www.google.com/base/feeds/snippets/18369825056478487049,1
b0006b6b1a,http://www.google.com/base/feeds/snippets/18378422702839985200,1
b0006g2tum,http://www.google.com/base/feeds/snippets/18352674914916743912,1
b0006g2vk0,http://www.google.com/base/feeds/snippets/18365507478568694929,1
b0006g2wke,http://www.google.com/base/feeds/snippets/18422068306669698354,1
b0006g2wr2,http://www.google.com/base/feeds/snippets/18403352308945312678,1
b0006g2zce,http://www.google.com/base/feeds/snippets/16821958940203637711,1
b0006g31ao,http://www.google.com/base/feeds/snippets/18445341039052694828,1
b0006g31i6,http://www.google.com/base/feeds/snippets/18405362244680246986,1
b0006ma3bs,http://www.google.com/base/feeds/snippets/16814254064816255791,1
b0006ni698,http://www.google.com/base/feeds/snippets/11865417944403325412,1
b0006nkbn2,http://www.google.com/base/feeds/snippets/13986409474793202514,1
b0006nkbn2,http://www.google.com/base/feeds/snippets/8709560014305112537,1
b0006oei8u,http://www.google.com/base/feeds/snippets/18409822956112890125,1
b0006se5bq,http://www.google.com/base/feeds/snippets/18428750969726461849,1
b0006vc3vc,http://www.google.com/base/feeds/snippets/13235146651353177601,1
b0006z16qq,http://www.google.com/base/feeds/snippets/18445827127704822533,1
b00074dy8e,http://www.google.com/base/feeds/snippets/3528611718110158975,1
b00076ywii,http://www.google.com/base/feeds/snippets/17407485579094223073,1
b00076ywj2,http://www.google.com/base/feeds/snippets/12002408855288739955,1
b000787g6q,http://www.google.com/base/feeds/snippets/14035761522429892531,1
b00078x3hm,http://www.google.com/base/feeds/snippets/5707639507589635432,1
b00079pmwa,http://www.google.com/base/feeds/snippets/18400846626733696167,1
b0007d8es0,http://www.google.com/base/feeds/snippets/18445465727364031756,1
b0007d8esa,http://www.google.com/base/feeds/snippets/18368896632826907002,1
b0007iqg3a,http://www.google.com/base/feeds/snippets/16894460490935798232,1
b0007l9ecw,http://www.google.com/base/feeds/snippets/5363123129666342202,1
b0007lw22g,http://www.google.com/base/feeds/snippets/10849068506859926430,1
b0007lw22g,http://www.google.com/base/feeds/snippets/18398718226932431716,1
b0007lw22g,http://www.google.com/base/feeds/snippets/4539901557040997564,1
b0007lw22q,http://www.google.com/base/feeds/snippets/10939909441298262260,1
b0007lw22q,http://www.google.com/base/feeds/snippets/16090908477278345856,1
b0007lw230,http://www.google.com/base/feeds/snippets/10595032077010116055,1
b0007lw230,http://www.google.com/base/feeds/snippets/10628460274071713512,1
b0007lw230,http://www.google.com/base/feeds/snippets/17298610841039937504,1
b0007lw23a,http://www.google.com/base/feeds/snippets/11630432614273539055,1
b0007lw23a,http://www.google.com/base/feeds/snippets/3045238811380824044,1
b0007lw23a,http://www.google.com/base/feeds/snippets/9643223122893875320,1
b0007prnjo,http://www.google.com/base/feeds/snippets/18434733520229761009,1
b0007q7mg2,http://www.google.com/base/feeds/snippets/13029285540855383313,1
b0007q7mg2,http://www.google.com/base/feeds/snippets/13558726664717453661,1
b0007r7e7i,http://www.google.com/base/feeds/snippets/18118065911754783035,1
b0007sxgla,http://www.google.com/base/feeds/snippets/318535575684738487,1
b0007sxglk,http://www.google.com/base/feeds/snippets/12109861711097484827,1
b0007sxglk,http://www.google.com/base/feeds/snippets/17762641182538089473,1
b0007sxglk,http://www.google.com/base/feeds/snippets/18405058220481329541,1
b0007sxgmo,http://www.google.com/base/feeds/snippets/12250274471957898660,1
b0007sxgn8,http://www.google.com/base/feeds/snippets/13588549604733030954,1
b0007yepx2,http://www.google.com/base/feeds/snippets/17962667015870936885,1
b0007yepxc,http://www.google.com/base/feeds/snippets/16647647854444612501,1
b0007yepy6,http://www.google.com/base/feeds/snippets/4783370532123880956,1
b0007yepyg,http://www.google.com/base/feeds/snippets/14284530408597272725,1
b0007yll20,http://www.google.com/base/feeds/snippets/18425596514092797479,1
b0007yll20,http://www.google.com/base/feeds/snippets/18431066094306345892,1
b0007zf3ge,http://www.google.com/base/feeds/snippets/10244573068939530333,1
b0007znn48,http://www.google.com/base/feeds/snippets/7744305702477366904,1
b00081i6ji,http://www.google.com/base/feeds/snippets/18411096849519146392,1
b00083czbg,http://www.google.com/base/feeds/snippets/15052254484804072386,1
b0008ews9o,http://www.google.com/base/feeds/snippets/18354430457145981051,1
b0008ewsai,http://www.google.com/base/feeds/snippets/10066664236286478958,1
b0008ewsf8,http://www.google.com/base/feeds/snippets/10087092539211280139,1
b0008g2bvm,http://www.google.com/base/feeds/snippets/18275035621919457369,1
b0008glg1i,http://www.google.com/base/feeds/snippets/1496374872690142682,1
b0008glg1i,http://www.google.com/base/feeds/snippets/65639973300118271,1
b0008glghc,http://www.google.com/base/feeds/snippets/2838840999646798655,1
b0008glgmc,http://www.google.com/base/feeds/snippets/11616731797055705273,1
b0008glgmc,http://www.google.com/base/feeds/snippets/11641601394104549163,1
b0008glgrm,http://www.google.com/base/feeds/snippets/4178014773187756948,1
b000922dwc,http://www.google.com/base/feeds/snippets/15297739858013318917,1
b00097alks,http://www.google.com/base/feeds/snippets/4522979894661726264,1
b00099e4ya,http://www.google.com/base/feeds/snippets/16750826951044664483,1
b00099xdpq,http://www.google.com/base/feeds/snippets/9660795325358759539,1
b0009afff6,http://www.google.com/base/feeds/snippets/9757350103424139605,1
b0009dt87e,http://www.google.com/base/feeds/snippets/12849123232978824729,1
b0009dwkwo,http://www.google.com/base/feeds/snippets/15744420000863688597,1
b0009dwkwo,http://www.google.com/base/feeds/snippets/8882659121069859929,1
b0009dwkwo,http://www.google.com/base/feeds/snippets/9753054521720614066,1
b0009dxjuq,http://www.google.com/base/feeds/snippets/16790631679419428442,1
b0009gd0km,http://www.google.com/base/feeds/snippets/17374298119474236406,1
b0009h9q1i,http://www.google.com/base/feeds/snippets/5665024204886410,1
b0009hl34q,http://www.google.com/base/feeds/snippets/11654629063147846560,1
b0009i5sgy,http://www.google.com/base/feeds/snippets/13523201367240249515,1
b0009i5sgy,http://www.google.com/base/feeds/snippets/3306668805908280679,1
b0009i5sgy,http://www.google.com/base/feeds/snippets/4615810080995000742,1
b0009i5sgy,http://www.google.com/base/feeds/snippets/7702263644150091221,1
b0009i9tqy,http://www.google.com/base/feeds/snippets/8804538687114603592,1
b0009jgv50,http://www.google.com/base/feeds/snippets/13809600021930717984,1
b0009jhv1s,http://www.google.com/base/feeds/snippets/18080236342166120371,1
b0009jhv5e,http://www.google.com/base/feeds/snippets/16721626632033099240,1
b0009jlux8,http://www.google.com/base/feeds/snippets/4923451909983851979,1
b0009n4gx0,http://www.google.com/base/feeds/snippets/8968352871606641625,1
b0009nr9mu,http://www.google.com/base/feeds/snippets/16755727468265308879,1
b0009qvgeo,http://www.google.com/base/feeds/snippets/10895411331126528294,1
b0009qvgeo,http://www.google.com/base/feeds/snippets/17491282253363994324,1
b0009ren8e,http://www.google.com/base/feeds/snippets/18152695793777845265,1
b0009rgzgm,http://www.google.com/base/feeds/snippets/1883379429602083103,1
b0009stm6g,http://www.google.com/base/feeds/snippets/7117788517647646539,1
b0009suw4w,http://www.google.com/base/feeds/snippets/18425416409544307946,1
b0009suw4w,http://www.google.com/base/feeds/snippets/4325793427900176296,1
b0009suw5q,http://www.google.com/base/feeds/snippets/712876185653102576,1
b0009xb12o,http://www.google.com/base/feeds/snippets/18396354299258717606,1
b0009y6f0g,http://www.google.com/base/feeds/snippets/18404319188505755669,1
b0009y6f56,http://www.google.com/base/feeds/snippets/13392915442415544255,1
b0009yegcu,http://www.google.com/base/feeds/snippets/12024241460287341882,1
b0009yegpc,http://www.google.com/base/feeds/snippets/13834985344480832776,1
b0009yegpc,http://www.google.com/base/feeds/snippets/18259447335875519213,1
b0009yn1rq,http://www.google.com/base/feeds/snippets/8664755713112971171,1
b0009yx9be,http://www.google.com/base/feeds/snippets/1021042895134770712,1
b0009yx9bo,http://www.google.com/base/feeds/snippets/14640507864355837784,1
b0009yx9bo,http://www.google.com/base/feeds/snippets/18395787464051623418,1
b0009yx9by,http://www.google.com/base/feeds/snippets/5238862557893361196,1
b0009zhg8k,http://www.google.com/base/feeds/snippets/18403568462989725383,1
b000a0s3x6,http://www.google.com/base/feeds/snippets/16019355033889363381,1
b000a2aknu,http://www.google.com/base/feeds/snippets/5520835678868977029,1
b000a2zlam,http://www.google.com/base/feeds/snippets/1904648546294590301,1
b000a3ky4e,http://www.google.com/base/feeds/snippets/18356638685856745200,1
b000a3x6te,http://www.google.com/base/feeds/snippets/16407653863068941558,1
b000a40w4a,http://www.google.com/base/feeds/snippets/16720347622986234211,1
b000a6na6a,http://www.google.com/base/feeds/snippets/18355630027419003625,1
b000a7mfn8,http://www.google.com/base/feeds/snippets/18387170188665857199,1
b000a7q6n8,http://www.google.com/base/feeds/snippets/13561687450780175373,1
b000a7q6n8,http://www.google.com/base/feeds/snippets/9575830162604297862,1
b000aa878m,http://www.google.com/base/feeds/snippets/14837029540644805566,1
b000aa8796,http://www.google.com/base/feeds/snippets/13804410937823415271,1
b000aa87go,http://www.google.com/base/feeds/snippets/1803780371601211439,1
b000aa87pu,http://www.google.com/base/feeds/snippets/18373688292230003205,1
b000abapo0,http://www.google.com/base/feeds/snippets/2284939042076115226,1
b000aly75i,http://www.google.com/base/feeds/snippets/18391095906680955632,1
b000aoz7fo,http://www.google.com/base/feeds/snippets/18353566070605982375,1
b000aoz7hw,http://www.google.com/base/feeds/snippets/10563522754094993865,1
b000ap2wyw,http://www.google.com/base/feeds/snippets/2622452102774676117,1
b000ap422c,http://www.google.com/base/feeds/snippets/15918748426604243470,1
b000ar96bm,http://www.google.com/base/feeds/snippets/16873990150005697074,1
b000ayxld4,http://www.google.com/base/feeds/snippets/13230504925826567019,1
b000b0gzu8,http://www.google.com/base/feeds/snippets/14443748429238960679,1
b000b3z2zo,http://www.google.com/base/feeds/snippets/5286999908576362211,1
b000b57k4s,http://www.google.com/base/feeds/snippets/16798783463218493349,1
b000b5rweg,http://www.google.com/base/feeds/snippets/18360660165216793779,1
b000b5srju,http://www.google.com/base/feeds/snippets/16872612252422367466,1
b000b5ue6y,http://www.google.com/base/feeds/snippets/18392141725886908183,1
b000b63xha,http://www.google.com/base/feeds/snippets/14798220155665223365,1
b000b676fa,http://www.google.com/base/feeds/snippets/17982318849719467269,1
b000b6kh38,http://www.google.com/base/feeds/snippets/18277398973089665313,1
b000b6kxfa,http://www.google.com/base/feeds/snippets/8894150903607310427,1
b000b6n2lw,http://www.google.com/base/feeds/snippets/18382903514613113420,1
b000b6n2lw,http://www.google.com/base/feeds/snippets/4747185109584668947,1
b000b6n2m6,http://www.google.com/base/feeds/snippets/12929795214910360357,1
b000b6n2m6,http://www.google.com/base/feeds/snippets/9246547342017279002,1
b000b6oboy,http://www.google.com/base/feeds/snippets/12643092178258671772,1
b000b6vlh4,http://www.google.com/base/feeds/snippets/10993073455692001778,1
b000barbaq,http://www.google.com/base/feeds/snippets/124870490385972224,1
b000bc38o2,http://www.google.com/base/feeds/snippets/12383342975629473219,1
b000bcdrdo,http://www.google.com/base/feeds/snippets/18395874674910243298,1
b000bcdrdo,http://www.google.com/base/feeds/snippets/9984474904568818121,1
b000bcicr0,http://www.google.com/base/feeds/snippets/17392222800642377551,1
b000bcicwa,http://www.google.com/base/feeds/snippets/12825336441689158397,1
b000bckm7i,http://www.google.com/base/feeds/snippets/13540884315258409885,1
b000bckm7i,http://www.google.com/base/feeds/snippets/7704167897291051109,1
b000bckmaa,http://www.google.com/base/feeds/snippets/13796906802854864998,1
b000bcz8ng,http://www.google.com/base/feeds/snippets/3077454195131808819,1
b000bddf08,http://www.google.com/base/feeds/snippets/11443016597547288676,1
b000bdiqpc,http://www.google.com/base/feeds/snippets/17153123894129090968,1
b000bezsyi,http://www.google.com/base/feeds/snippets/10911853136488554482,1
b000bgpqos,http://www.google.com/base/feeds/snippets/11029185598470444071,1
b000bgpqr0,http://www.google.com/base/feeds/snippets/12737245292905990966,1
b000bgtv80,http://www.google.com/base/feeds/snippets/10623432141570708774,1
b000bgtv80,http://www.google.com/base/feeds/snippets/11711993756559182415,1
b000bhq5jw,http://www.google.com/base/feeds/snippets/18436637620422411542,1
b000bi641a,http://www.google.com/base/feeds/snippets/8050920942672245174,1
b000bi7uqs,http://www.google.com/base/feeds/snippets/18403148885652932189,1
b000bi8m2e,http://www.google.com/base/feeds/snippets/9000601847258285543,1
b000bknncq,http://www.google.com/base/feeds/snippets/10004325115759097777,1
b000bljed2,http://www.google.com/base/feeds/snippets/13747478666009449997,1
b000bnb72g,http://www.google.com/base/feeds/snippets/17010841797296818807,1
b000bndghk,http://www.google.com/base/feeds/snippets/18427441766979913551,1
b000bndgzw,http://www.google.com/base/feeds/snippets/6327594211039677778,1
b000bnjmnc,http://www.google.com/base/feeds/snippets/2723560865541859631,1
b000bnkbdm,http://www.google.com/base/feeds/snippets/18374143831267894200,1
b000bo9rt0,http://www.google.com/base/feeds/snippets/10667383848205761084,1
b000bo9rt0,http://www.google.com/base/feeds/snippets/1187936019689259805,1
b000brczzk,http://www.google.com/base/feeds/snippets/15013560737417394943,1
b000brgbpa,http://www.google.com/base/feeds/snippets/18413484739795948632,1
b000brm3xe,http://www.google.com/base/feeds/snippets/18396085441922746096,1
b000brm3xe,http://www.google.com/base/feeds/snippets/7181709960017015550,1
b000bs2vzs,http://www.google.com/base/feeds/snippets/10956401022937572078,1
b000bs5ibm,http://www.google.com/base/feeds/snippets/15944513620809178120,1
b000bsfs3k,http://www.google.com/base/feeds/snippets/13482242609904424371,1
b000bt559q,http://www.google.com/base/feeds/snippets/3137318477096164629,1
b000btas3y,http://www.google.com/base/feeds/snippets/18393736281334607132,1
b000bu7u48,http://www.google.com/base/feeds/snippets/16694806128312036500,1
b000buqo9a,http://www.google.com/base/feeds/snippets/12604725900103506627,1
b000butd6q,http://www.google.com/base/feeds/snippets/6990565128537638388,1
b000bw7kxw,http://www.google.com/base/feeds/snippets/18392335669009428265,1
b000bwa1jw,http://www.google.com/base/feeds/snippets/9029108187932664886,1
b000bwbu6u,http://www.google.com/base/feeds/snippets/6282886480523973402,1
b000bwzxk4,http://www.google.com/base/feeds/snippets/8498979351589060419,1
b000bx0006,http://www.google.com/base/feeds/snippets/17214545032473425136,1
b000bx0006,http://www.google.com/base/feeds/snippets/4621582451171111860,1
b000bx24o6,http://www.google.com/base/feeds/snippets/14415907760923977024,1
b000bx24o6,http://www.google.com/base/feeds/snippets/17938513699320393589,1
b000bx441w,http://www.google.com/base/feeds/snippets/6376971851371386778,1
b000bx5ggy,http://www.google.com/base/feeds/snippets/12226449661661559282,1
b000bx5ggy,http://www.google.com/base/feeds/snippets/8317633865991250636,1
b000c55alw,http://www.google.com/base/feeds/snippets/10177129616064822618,1
b000cabe4y,http://www.google.com/base/feeds/snippets/2462325488620129357,1
b000cbn9aa,http://www.google.com/base/feeds/snippets/13143355002649939201,1
b000cbqbby,http://www.google.com/base/feeds/snippets/5968511357343083164,1
b000cco5wa,http://www.google.com/base/feeds/snippets/18260252787140686571,1
b000cfx744,http://www.google.com/base/feeds/snippets/17911312393691300802,1
b000cik6rc,http://www.google.com/base/feeds/snippets/18100341066456401733,1
b000cnf014,http://www.google.com/base/feeds/snippets/17760107129811199554,1
b000coxs30,http://www.google.com/base/feeds/snippets/18397190495511936667,1
b000cp4ja0,http://www.google.com/base/feeds/snippets/3040037286169376262,1
b000cpmtwk,http://www.google.com/base/feeds/snippets/1417708435719198149,1
b000cpshfs,http://www.google.com/base/feeds/snippets/18422327928504968692,1
b000cpshia,http://www.google.com/base/feeds/snippets/14493833507639383996,1
b000cqnjim,http://www.google.com/base/feeds/snippets/10662427062723563235,1
b000cqyclu,http://www.google.com/base/feeds/snippets/1695089910833084773,1
b000cs3s2m,http://www.google.com/base/feeds/snippets/17504372812251027705,1
b000csralc,http://www.google.com/base/feeds/snippets/17802084899902028186,1
b000csramg,http://www.google.com/base/feeds/snippets/7150077051864937455,1
b000cszg2m,http://www.google.com/base/feeds/snippets/5032391174084349054,1
b000dinb4g,http://www.google.com/base/feeds/snippets/13769671790180310327,1
b000dinb4g,http://www.google.com/base/feeds/snippets/18414778073602422524,1
b000dn7k8y,http://www.google.com/base/feeds/snippets/17723708447447202259,1
b000dz9yoa,http://www.google.com/base/feeds/snippets/5216541735240789992,1
b000e13es0,http://www.google.com/base/feeds/snippets/16987363527577090531,1
b000e15nhk,http://www.google.com/base/feeds/snippets/11343247749866294908,1
b000e2d3lc,http://www.google.com/base/feeds/snippets/16769449274864717899,1
b000e3c6c8,http://www.google.com/base/feeds/snippets/17693391962532243349,1
b000e3e2km,http://www.google.com/base/feeds/snippets/17330505621209587005,1
b000e5n0mg,http://www.google.com/base/feeds/snippets/10008484121273338467,1
b000e5n0mg,http://www.google.com/base/feeds/snippets/18400554570218912442,1
b000e6mjig,http://www.google.com/base/feeds/snippets/4549566074000049896,1
b000e6q3em,http://www.google.com/base/feeds/snippets/18435517580056006507,1
b000e8jl7q,http://www.google.com/base/feeds/snippets/4682448981783641744,1
b000e8jl80,http://www.google.com/base/feeds/snippets/16064170791328826375,1
b000e8jlai,http://www.google.com/base/feeds/snippets/18364244585954350504,1
b000e8jlai,http://www.google.com/base/feeds/snippets/8918859484248831701,1
b000e8jlas,http://www.google.com/base/feeds/snippets/1532472446439845707,1
b000e8jlda,http://www.google.com/base/feeds/snippets/14794198635011271295,1
b000e8rdrq,http://www.google.com/base/feeds/snippets/890958699191814692,1
b000ecqxjq,http://www.google.com/base/feeds/snippets/16899532838792786499,1
b000ecqxjq,http://www.google.com/base/feeds/snippets/5615075942724114350,1
b000ecyp0k,http://www.google.com/base/feeds/snippets/3704829860217910239,1
b000edgo2q,http://www.google.com/base/feeds/snippets/7147648211015076337,1
b000edkurg,http://www.google.com/base/feeds/snippets/13699037964945038111,1
b000edvrtq,http://www.google.com/base/feeds/snippets/14326164391298371952,1
b000eezn2c,http://www.google.com/base/feeds/snippets/12329058540425314571,1
b000eg6d5q,http://www.google.com/base/feeds/snippets/16690738478999740250,1
b000egidpe,http://www.google.com/base/feeds/snippets/381135748290856568,1
b000egidpe,http://www.google.com/base/feeds/snippets/4998847858583359731,1
b000egidpo,http://www.google.com/base/feeds/snippets/18000939542340526750,1
b000egidue,http://www.google.com/base/feeds/snippets/18264347410665748173,1
b000egmaj4,http://www.google.com/base/feeds/snippets/7247732872667648705,1
b000egoe9s,http://www.google.com/base/feeds/snippets/450727896245374226,1
b000egwc42,http://www.google.com/base/feeds/snippets/18427221955987040627,1
b000ehq008,http://www.google.com/base/feeds/snippets/18415416380788323186,1
b000ehs6gy,http://www.google.com/base/feeds/snippets/14188088676549374410,1
b000ehs6h8,http://www.google.com/base/feeds/snippets/4818950838228892044,1
b000ehs6ic,http://www.google.com/base/feeds/snippets/3377135321507891586,1
b000ehs6ic,http://www.google.com/base/feeds/snippets/9897777989987457856,1
b000eiau3u,http://www.google.com/base/feeds/snippets/18396389648150219430,1
b000ej9w0q,http://www.google.com/base/feeds/snippets/10299611596430222322,1
b000ej9w0q,http://www.google.com/base/feeds/snippets/17596883596074762243,1
b000ek6ekq,http://www.google.com/base/feeds/snippets/18404187604346548446,1
b000emgcxs,http://www.google.com/base/feeds/snippets/18384214908341178781,1
b000enucs8,http://www.google.com/base/feeds/snippets/18435241901201099210,1
b000enucs8,http://www.google.com/base/feeds/snippets/4968803125750101769,1
b000enucs8,http://www.google.com/base/feeds/snippets/7997047825469627962,1
b000ep3gei,http://www.google.com/base/feeds/snippets/4837330611493150937,1
b000ep8oju,http://www.google.com/base/feeds/snippets/17530305432950801722,1
b000eplmpi,http://www.google.com/base/feeds/snippets/13683578637114771147,1
b000eqazb4,http://www.google.com/base/feeds/snippets/12965745281480952652,1
b000eqieik,http://www.google.com/base/feeds/snippets/8261805484012687318,1
b000eqy0ss,http://www.google.com/base/feeds/snippets/17149948893700452737,1
b000etjjae,http://www.google.com/base/feeds/snippets/12845228373531717554,1
b000euhiug,http://www.google.com/base/feeds/snippets/15998338875089949975,1
b000euhk3g,http://www.google.com/base/feeds/snippets/14356986779854403622,1
b000evo8h6,http://www.google.com/base/feeds/snippets/18368735287693525011,1
b000exq2cs,http://www.google.com/base/feeds/snippets/9463842250533836611,1
b000exs47y,http://www.google.com/base/feeds/snippets/16633280530608162098,1
b000exw510,http://www.google.com/base/feeds/snippets/9551528510942983552,1
b000exw51k,http://www.google.com/base/feeds/snippets/18190434268931466210,1
b000exw51k,http://www.google.com/base/feeds/snippets/6804198758936861643,1
b000exw524,http://www.google.com/base/feeds/snippets/1936516034668822172,1
b000ezp0n8,http://www.google.com/base/feeds/snippets/17907379108807127194,1
b000f7gysa,http://www.google.com/base/feeds/snippets/16702887737767240197,1
b000fa5ens,http://www.google.com/base/feeds/snippets/18384136689746651786,1
b000fbgaia,http://www.google.com/base/feeds/snippets/30822033968544493,1
b000fbgapi,http://www.google.com/base/feeds/snippets/18364140307508478752,1
b000fbk6gc,http://www.google.com/base/feeds/snippets/18446612824766852081,1
b000fcyts2,http://www.google.com/base/feeds/snippets/14641221219676710452,1
b000fdetx6,http://www.google.com/base/feeds/snippets/1298387803049191225,1
b000fdetx6,http://www.google.com/base/feeds/snippets/4635585281695496952,1
b000fem8ew,http://www.google.com/base/feeds/snippets/17375915846745821199,1
b000fepvcs,http://www.google.com/base/feeds/snippets/18395637668335924867,1
b000fer1d0,http://www.google.com/base/feeds/snippets/2328950736697317790,1
b000fetuiy,http://www.google.com/base/feeds/snippets/10702491954940587385,1
b000feyg7o,http://www.google.com/base/feeds/snippets/15564784742978828373,1
b000ffsgho,http://www.google.com/base/feeds/snippets/4935901327541769811,1
b000fis8ew,http://www.google.com/base/feeds/snippets/18361636558506127089,1
b000fjs8sc,http://www.google.com/base/feeds/snippets/65578552457551022,1
b000fkd3cc,http://www.google.com/base/feeds/snippets/18388829675891326365,1
b000fm18vi,http://www.google.com/base/feeds/snippets/3620383930983735395,1
b000fn6c2c,http://www.google.com/base/feeds/snippets/7893604833764557727,1
b000fn6cf4,http://www.google.com/base/feeds/snippets/8110280389757211340,1
b000fncrto,http://www.google.com/base/feeds/snippets/9167720084838534914,1
b000fnevhk,http://www.google.com/base/feeds/snippets/18358728426530670777,1
b000fngzs8,http://www.google.com/base/feeds/snippets/3518997692511645502,1
b000fovsha,http://www.google.com/base/feeds/snippets/17285189275812329124,1
b000fowht8,http://www.google.com/base/feeds/snippets/17133221075889749370,1
b000fp0k0u,http://www.google.com/base/feeds/snippets/716894577224484053,1
b000fqvxf0,http://www.google.com/base/feeds/snippets/9954012264342776691,1
b000frqfe8,http://www.google.com/base/feeds/snippets/13703162595446844265,1
b000frqfe8,http://www.google.com/base/feeds/snippets/4450102625152904120,1
b000frttvy,http://www.google.com/base/feeds/snippets/10497976503252074561,1
b000ftpmc2,http://www.google.com/base/feeds/snippets/1766122214269018147,1
b000fvqo0o,http://www.google.com/base/feeds/snippets/2209370345378693785,1
b000fvqo0o,http://www.google.com/base/feeds/snippets/4025192676992669735,1
b000fzvv3u,http://www.google.com/base/feeds/snippets/9675508034468866052,1
b000fzxipo,http://www.google.com/base/feeds/snippets/12453672105653412076,1
b000fzxipo,http://www.google.com/base/feeds/snippets/16630396354315555450,1
b000fzxisg,http://www.google.com/base/feeds/snippets/10282477376383378142,1
b000fzxisg,http://www.google.com/base/feeds/snippets/13727078323480476968,1
b000fzz730,http://www.google.com/base/feeds/snippets/10105070429318394420,1
b000fzz73u,http://www.google.com/base/feeds/snippets/11404711258824251475,1
b000fzz76m,http://www.google.com/base/feeds/snippets/9505595690175506725,1
b000g0lieq,http://www.google.com/base/feeds/snippets/10542539041826323398,1
b000g0lkcg,http://www.google.com/base/feeds/snippets/14235968984166622494,1
b000g0oom4,http://www.google.com/base/feeds/snippets/6320757184409585395,1
b000g3mer8,http://www.google.com/base/feeds/snippets/13255609368261584070,1
b000g3mer8,http://www.google.com/base/feeds/snippets/9342175169264415955,1
b000g6gn2m,http://www.google.com/base/feeds/snippets/4436087621332035022,1
b000g7wses,http://www.google.com/base/feeds/snippets/18073883319223617218,1
b000g80lku,http://www.google.com/base/feeds/snippets/16862951998092117648,1
b000g80lqo,http://www.google.com/base/feeds/snippets/18441188461196475272,1
b000ga99ry,http://www.google.com/base/feeds/snippets/13264093951540339583,1
b000gaoo7y,http://www.google.com/base/feeds/snippets/18384280629938052082,1
b000gaqlxe,http://www.google.com/base/feeds/snippets/13825743693732119715,1
b000gaqlxe,http://www.google.com/base/feeds/snippets/14792132642669527606,1
b000gaywoe,http://www.google.com/base/feeds/snippets/1263381651905806931,1
b000gb0m7y,http://www.google.com/base/feeds/snippets/15318442980556593434,1
b000gbukgm,http://www.google.com/base/feeds/snippets/11524039735478682676,1
b000gbukgm,http://www.google.com/base/feeds/snippets/2448830856693653081,1
b000gcd73y,http://www.google.com/base/feeds/snippets/18135578158357182921,1
b000gcgqd2,http://www.google.com/base/feeds/snippets/13759883185832377445,1
b000gcgqd2,http://www.google.com/base/feeds/snippets/6490413833919329208,1
b000ghwq7c,http://www.google.com/base/feeds/snippets/2454405441197407300,1
b000gihfyu,http://www.google.com/base/feeds/snippets/9859735236279839568,1
b000gkli0a,http://www.google.com/base/feeds/snippets/6426816868919758079,1
b000gkpds8,http://www.google.com/base/feeds/snippets/5515688203820371988,1
b000gkpe14,http://www.google.com/base/feeds/snippets/6596219200360663289,1
b000gkshi6,http://www.google.com/base/feeds/snippets/16952776452110398384,1
b000gkshi6,http://www.google.com/base/feeds/snippets/8354689508970608357,1
b000gr1ceu,http://www.google.com/base/feeds/snippets/2062975649512805986,1
b000gr1ceu,http://www.google.com/base/feeds/snippets/4703701453618359906,1
b000gv8u32,http://www.google.com/base/feeds/snippets/18395632346791388859,1
b000gw55es,http://www.google.com/base/feeds/snippets/7744548491761569898,1
b000gwfgqk,http://www.google.com/base/feeds/snippets/13692542638505368471,1
b000gwkol2,http://www.google.com/base/feeds/snippets/18376303388125635572,1
b000gzy7oo,http://www.google.com/base/feeds/snippets/18207838499884290592,1
b000h11f9c,http://www.google.com/base/feeds/snippets/18422623903556262295,1
b000h14rqk,http://www.google.com/base/feeds/snippets/10090208868795399315,1
b000h14rqk,http://www.google.com/base/feeds/snippets/18177463782265275234,1
b000h14rr4,http://www.google.com/base/feeds/snippets/10426833843056008758,1
b000h14rr4,http://www.google.com/base/feeds/snippets/12837108039205076533,1
b000h16p9m,http://www.google.com/base/feeds/snippets/3846293022585027470,1
b000h16p9w,http://www.google.com/base/feeds/snippets/10330893806550846255,1
b000h16p9w,http://www.google.com/base/feeds/snippets/12831181740691949409,1
b000h16pag,http://www.google.com/base/feeds/snippets/17570801106897429429,1
b000h16pag,http://www.google.com/base/feeds/snippets/3192985906364439341,1
b000h1de00,http://www.google.com/base/feeds/snippets/17326098494894452732,1
b000h1xy3m,http://www.google.com/base/feeds/snippets/17896835956549874370,1
b000h20hu4,http://www.google.com/base/feeds/snippets/11816902045207686274,1
b000h229d2,http://www.google.com/base/feeds/snippets/14928650794745636736,1
b000h22rbg,http://www.google.com/base/feeds/snippets/10500380486679990055,1
b000h241x8,http://www.google.com/base/feeds/snippets/13278655414642608462,1
b000h241zg,http://www.google.com/base/feeds/snippets/11611566315397308287,1
b000h241zg,http://www.google.com/base/feeds/snippets/18399328874850787866,1
b000h24200,http://www.google.com/base/feeds/snippets/4675262861576384624,1
b000h25yoi,http://www.google.com/base/feeds/snippets/17357728675180341663,1
b000h25yr0,http://www.google.com/base/feeds/snippets/18264562147667335719,1
b000h27psq,http://www.google.com/base/feeds/snippets/13799844440134110129,1
b000h27puo,http://www.google.com/base/feeds/snippets/747897289202016262,1
b000h3lza4,http://www.google.com/base/feeds/snippets/13919947739364726744,1
b000h5fo8g,http://www.google.com/base/feeds/snippets/16987363527577090531,1
b000h5j4ka,http://www.google.com/base/feeds/snippets/11343247749866294908,1
b000h69szu,http://www.google.com/base/feeds/snippets/15544999546747963941,1
b000h6d2do,http://www.google.com/base/feeds/snippets/9639435771556038530,1
b000h774k0,http://www.google.com/base/feeds/snippets/18419564278412211145,1
b000hbvvg4,http://www.google.com/base/feeds/snippets/4699273716641936158,1
b000hbxjt6,http://www.google.com/base/feeds/snippets/18387306349260922373,1
b000hbxjuk,http://www.google.com/base/feeds/snippets/15555806239483804720,1
b000hbxjve,http://www.google.com/base/feeds/snippets/17956249157120493393,1
b000hbxjxc,http://www.google.com/base/feeds/snippets/11125907881740407428,1
b000hbxjxc,http://www.google.com/base/feeds/snippets/11409582066977374017,1
b000hbys5k,http://www.google.com/base/feeds/snippets/13631557261313424700,1
b000hbys5k,http://www.google.com/base/feeds/snippets/5250375660251099807,1
b000hbysc8,http://www.google.com/base/feeds/snippets/11343515411965421256,1
b000hbysf0,http://www.google.com/base/feeds/snippets/9117876336691363711,1
b000hc0lw8,http://www.google.com/base/feeds/snippets/16573354058682977088,1
b000hc0lw8,http://www.google.com/base/feeds/snippets/16714036815187031033,1
b000hc0m36,http://www.google.com/base/feeds/snippets/12949835105262366018,1
b000hcl5sm,http://www.google.com/base/feeds/snippets/12905177887993533095,1
b000hctysa,http://www.google.com/base/feeds/snippets/12116763117328044444,1
b000hctysa,http://www.google.com/base/feeds/snippets/13321642681501377375,1
b000hctyte,http://www.google.com/base/feeds/snippets/7882287499485291732,1
b000hcv1ky,http://www.google.com/base/feeds/snippets/16905793691117512235,1
b000hcvr1m,http://www.google.com/base/feeds/snippets/12219649046294237633,1
b000hcvr5s,http://www.google.com/base/feeds/snippets/12218017436042377109,1
b000hcxkks,http://www.google.com/base/feeds/snippets/18395554978346558556,1
b000hcxklc,http://www.google.com/base/feeds/snippets/9255722138583214734,1
b000hcz8ey,http://www.google.com/base/feeds/snippets/11114112522015930440,1
b000hcz8gc,http://www.google.com/base/feeds/snippets/9807438286656285076,1
b000hcz8gm,http://www.google.com/base/feeds/snippets/13673799320876526338,1
b000hcz9ac,http://www.google.com/base/feeds/snippets/18394964067436310447,1
b000he35ss,http://www.google.com/base/feeds/snippets/11153480872220659485,1
b000he39mk,http://www.google.com/base/feeds/snippets/17771223071817478541,1
b000he4riu,http://www.google.com/base/feeds/snippets/12068923163500219493,1
b000he9psc,http://www.google.com/base/feeds/snippets/14520556770161082452,1
b000hed3f8,http://www.google.com/base/feeds/snippets/15401280256033043239,1
b000hed3fi,http://www.google.com/base/feeds/snippets/5655410586169835557,1
b000hed3fs,http://www.google.com/base/feeds/snippets/4811212829822917671,1
b000hed3gm,http://www.google.com/base/feeds/snippets/15481209573698256416,1
b000hedyio,http://www.google.com/base/feeds/snippets/16622880533554607802,1
b000hhvb2w,http://www.google.com/base/feeds/snippets/16674697281415587384,1
b000hhvb2w,http://www.google.com/base/feeds/snippets/17476622898499473532,1
b000hhvb9k,http://www.google.com/base/feeds/snippets/9852496278444342781,1
b000hhvbdq,http://www.google.com/base/feeds/snippets/9685850187894108398,1
b000hhxevi,http://www.google.com/base/feeds/snippets/2710470763365986624,1
b000hhzie4,http://www.google.com/base/feeds/snippets/11038012533329162078,1
b000hi1i6u,http://www.google.com/base/feeds/snippets/3752772644614152917,1
b000hi1i9c,http://www.google.com/base/feeds/snippets/8050702989930375401,1
b000hj9r3u,http://www.google.com/base/feeds/snippets/18422892267475594445,1
b000hjdpx8,http://www.google.com/base/feeds/snippets/1829125396804686622,1
b000hjott2,http://www.google.com/base/feeds/snippets/16558385795268912766,1
b000hkgj8k,http://www.google.com/base/feeds/snippets/18417354130985846422,1
b000hkpb3e,http://www.google.com/base/feeds/snippets/11022538834870557563,1
b000hl1eie,http://www.google.com/base/feeds/snippets/10217306837122444015,1
b000hlp5w0,http://www.google.com/base/feeds/snippets/15030217405491356248,1
b000hlp5wa,http://www.google.com/base/feeds/snippets/8519495523069900652,1
b000hlp5yi,http://www.google.com/base/feeds/snippets/9785861434635986999,1
b000hlp64w,http://www.google.com/base/feeds/snippets/11554840496283672285,1
b000hlt4tu,http://www.google.com/base/feeds/snippets/18404168006486239466,1
b000hlt4y0,http://www.google.com/base/feeds/snippets/11831542288207686462,1
b000hlt55i,http://www.google.com/base/feeds/snippets/17411408037622367354,1
b000hlt5g2,http://www.google.com/base/feeds/snippets/3274305083856247424,1
b000hpf7p6,http://www.google.com/base/feeds/snippets/1781031509566531842,1
b000hpjgw6,http://www.google.com/base/feeds/snippets/4250686295132810758,1
b000hvtk9e,http://www.google.com/base/feeds/snippets/18400163697429940544,1
b000i0bp6k,http://www.google.com/base/feeds/snippets/10110199435466109569,1
b000i2jd0s,http://www.google.com/base/feeds/snippets/18393898679155461769,1
b000i2y0cy,http://www.google.com/base/feeds/snippets/1528326579184485637,1
b000i4rmfe,http://www.google.com/base/feeds/snippets/14007006525589850325,1
b000i84dsy,http://www.google.com/base/feeds/snippets/18427191929555331953,1
b000i84dts,http://www.google.com/base/feeds/snippets/18373254644070862441,1
b000i84dum,http://www.google.com/base/feeds/snippets/17544872940647061920,1
b000i8od48,http://www.google.com/base/feeds/snippets/3626343668255224722,1
b000i8od4i,http://www.google.com/base/feeds/snippets/18213081663134894535,1
b000i8od5w,http://www.google.com/base/feeds/snippets/17828266310377038415,1
b000i8thy4,http://www.google.com/base/feeds/snippets/17810980474859468457,1
b000iaolaw,http://www.google.com/base/feeds/snippets/2919031939469503608,1
b000icpfmi,http://www.google.com/base/feeds/snippets/14325412592062687221,1
b000ie8u4g,http://www.google.com/base/feeds/snippets/17308332648335562662,1
b000iek7kg,http://www.google.com/base/feeds/snippets/16351355486478883410,1
b000ik414i,http://www.google.com/base/feeds/snippets/16073556725854260285,1
b000in18nm,http://www.google.com/base/feeds/snippets/12354599434001970846,1
b000in4uak,http://www.google.com/base/feeds/snippets/12243674671451624208,1
b000in6trc,http://www.google.com/base/feeds/snippets/6874875179525744781,1
b000in6u62,http://www.google.com/base/feeds/snippets/18434616791723899127,1
b000io799i,http://www.google.com/base/feeds/snippets/18226456193742595288,1
b000io79mu,http://www.google.com/base/feeds/snippets/17943553623332924825,1
b000io7a9m,http://www.google.com/base/feeds/snippets/13440353610523579374,1
b000itvtqm,http://www.google.com/base/feeds/snippets/3539622760913695235,1
b000ivhozk,http://www.google.com/base/feeds/snippets/12543046747030237240,1
b000ivjsb8,http://www.google.com/base/feeds/snippets/17787032142812456248,1
b000ivkrvs,http://www.google.com/base/feeds/snippets/15664992944977677730,1
b000ivl050,http://www.google.com/base/feeds/snippets/17758143132560820340,1
b000iw5kv4,http://www.google.com/base/feeds/snippets/1756203513172973882,1
b000iwarqw,http://www.google.com/base/feeds/snippets/8805781114218671102,1
b000ixvqk2,http://www.google.com/base/feeds/snippets/2284241765475162173,1
b000j1cit6,http://www.google.com/base/feeds/snippets/7937630813831495909,1
b000j4k804,http://www.google.com/base/feeds/snippets/18411875162562199123,1
b000j5lgg8,http://www.google.com/base/feeds/snippets/18004448735840625942,1
b000j6dues,http://www.google.com/base/feeds/snippets/12495037922890432173,1
b000jf5zec,http://www.google.com/base/feeds/snippets/13368045031336320583,1
b000jf5zec,http://www.google.com/base/feeds/snippets/13629768701500088491,1
b000jgf410,http://www.google.com/base/feeds/snippets/9949258255997064102,1
b000jgw9ae,http://www.google.com/base/feeds/snippets/10471177135649344162,1
b000jh7c6y,http://www.google.com/base/feeds/snippets/18159360858957097495,1
b000jiqlxi,http://www.google.com/base/feeds/snippets/18151952927255406461,1
b000jj4fbw,http://www.google.com/base/feeds/snippets/18427202789383020961,1
b000jjrwas,http://www.google.com/base/feeds/snippets/18400264612493053038,1
b000jlj0cy,http://www.google.com/base/feeds/snippets/16827217446944316033,1
b000jx1kdy,http://www.google.com/base/feeds/snippets/13499930330802525158,1
b000jx1kgq,http://www.google.com/base/feeds/snippets/18234349657423202538,1
b000jx1kma,http://www.google.com/base/feeds/snippets/18356272944058818376,1
b000jx29wa,http://www.google.com/base/feeds/snippets/18403866794415896226,1
b000jx5jnq,http://www.google.com/base/feeds/snippets/17303242525950545639,1
b000jx5ppi,http://www.google.com/base/feeds/snippets/18113699401844993243,1
b000jx7g3c,http://www.google.com/base/feeds/snippets/17886724437749928713,1
b000k2nkua,http://www.google.com/base/feeds/snippets/8251934342990013076,1
b000k2pa3a,http://www.google.com/base/feeds/snippets/11972925909028080525,1
b000k2t0ou,http://www.google.com/base/feeds/snippets/13916432686331461255,1
b000k5uxys,http://www.google.com/base/feeds/snippets/5935343405881149008,1
b000k6b3zu,http://www.google.com/base/feeds/snippets/257434657988780139,1
b000k7ving,http://www.google.com/base/feeds/snippets/13468530879861986847,1
b000k7vio0,http://www.google.com/base/feeds/snippets/9592753698712041843,1
b000kg86b4,http://www.google.com/base/feeds/snippets/18360175926672582960,1
b000kjzigw,http://www.google.com/base/feeds/snippets/18055289311900407768,1
b000kmcf0g,http://www.google.com/base/feeds/snippets/18420491833696681736,1
b000kmehfw,http://www.google.com/base/feeds/snippets/18362060657249986591,1
b000kmehha,http://www.google.com/base/feeds/snippets/11463298814554093369,1
b000krd3bq,http://www.google.com/base/feeds/snippets/10299611596430222322,1
b000krd3bq,http://www.google.com/base/feeds/snippets/17596883596074762243,1
b000kzf7oo,http://www.google.com/base/feeds/snippets/18395554978346558556,1
b000l1phg0,http://www.google.com/base/feeds/snippets/11954719051240282085,1
b000l1phg0,http://www.google.com/base/feeds/snippets/18394332776181186072,1
b000lff13k,http://www.google.com/base/feeds/snippets/17709309145330542949,1
b000lff13k,http://www.google.com/base/feeds/snippets/201121512151694259,1
b000licg1m,http://www.google.com/base/feeds/snippets/6070036801370348429,1
b000lp6jky,http://www.google.com/base/feeds/snippets/908293428104495266,1
b000lpc8t0,http://www.google.com/base/feeds/snippets/11831542288207686462,1
b000lrdlia,http://www.google.com/base/feeds/snippets/13830033675761129549,1
b000lrdlia,http://www.google.com/base/feeds/snippets/4142751275091158911,1
b000lu89uc,http://www.google.com/base/feeds/snippets/13380169193455086942,1
b000lu89xy,http://www.google.com/base/feeds/snippets/13831527178214062853,1
b000lu89yi,http://www.google.com/base/feeds/snippets/18089023914130738551,1
b000lu8a10,http://www.google.com/base/feeds/snippets/18406653450238248367,1
b000lv6pyi,http://www.google.com/base/feeds/snippets/18367889369421729693,1
b000lwfbem,http://www.google.com/base/feeds/snippets/18426249152153175425,1
b000lwfbem,http://www.google.com/base/feeds/snippets/6614738792097944479,1
b000m2yc32,http://www.google.com/base/feeds/snippets/10248910023220043204,1
b000m6wlyk,http://www.google.com/base/feeds/snippets/4108712449976038856,1
b000m6xk4k,http://www.google.com/base/feeds/snippets/7516347790713287981,1
b000mcianu,http://www.google.com/base/feeds/snippets/13653159525369338466,1
b000mcianu,http://www.google.com/base/feeds/snippets/18365358438027236949,1
b000mfgx7w,http://www.google.com/base/feeds/snippets/18416264451031093966,1
b000mg2kpk,http://www.google.com/base/feeds/snippets/3907261301303045278,1
b000mgo1r0,http://www.google.com/base/feeds/snippets/10555450463385817719,1
b000mgo5bw,http://www.google.com/base/feeds/snippets/9250111493808447085,1
b000mgvnks,http://www.google.com/base/feeds/snippets/10851688356333529622,1
b000ml8d5q,http://www.google.com/base/feeds/snippets/18003213870869015246,1
b000mmt6s8,http://www.google.com/base/feeds/snippets/2066161709446383266,1
b000mrnc9m,http://www.google.com/base/feeds/snippets/6926972626200206366,1
b000mtebtu,http://www.google.com/base/feeds/snippets/7898902077337932386,1
b000mti8mq,http://www.google.com/base/feeds/snippets/5408845339376590167,1
b000mu6mve,http://www.google.com/base/feeds/snippets/5562499905130838466,1
b000mvp5i4,http://www.google.com/base/feeds/snippets/11404109022171531561,1
b000mz7c2w,http://www.google.com/base/feeds/snippets/15648850844085647958,1
b000mz7c36,http://www.google.com/base/feeds/snippets/1209717630190599142,1
b000n28264,http://www.google.com/base/feeds/snippets/9029807166568270057,1
b000ndemb2,http://www.google.com/base/feeds/snippets/9858798962478264497,1
b000ndib6y,http://www.google.com/base/feeds/snippets/11553460726656084647,1
b000ndib6y,http://www.google.com/base/feeds/snippets/13659935621775890962,1
b000ndib7s,http://www.google.com/base/feeds/snippets/3473826515983580841,1
b000ndib82,http://www.google.com/base/feeds/snippets/4058027556169196919,1
b000ndib8m,http://www.google.com/base/feeds/snippets/10834301366840736522,1
b000ndib8m,http://www.google.com/base/feeds/snippets/2927219174769865115,1
b000ndibaa,http://www.google.com/base/feeds/snippets/3285016045940957596,1
b000ndibbo,http://www.google.com/base/feeds/snippets/16934204320953872944,1
b000ndibci,http://www.google.com/base/feeds/snippets/5536147337142384196,1
b000ndibe6,http://www.google.com/base/feeds/snippets/9761533219806554318,1
b000ndibge,http://www.google.com/base/feeds/snippets/1227473479709404023,1
b000ndibh8,http://www.google.com/base/feeds/snippets/2261905427242154693,1
b000ndibhi,http://www.google.com/base/feeds/snippets/8042583218932085904,1
b000ndibjq,http://www.google.com/base/feeds/snippets/14812439490848045578,1
b000ndibkk,http://www.google.com/base/feeds/snippets/4247841323668156699,1
b000ndibl4,http://www.google.com/base/feeds/snippets/14992670292987095559,1
b000ndible,http://www.google.com/base/feeds/snippets/790771655328756919,1
b000ndibnc,http://www.google.com/base/feeds/snippets/16406760233183606059,1
b000ndibq4,http://www.google.com/base/feeds/snippets/2461116331238857888,1
b000ndibq4,http://www.google.com/base/feeds/snippets/7928058720709111960,1
b000ndibri,http://www.google.com/base/feeds/snippets/222400256379219119,1
b000ndibri,http://www.google.com/base/feeds/snippets/3607173973836413689,1
b000ndibvo,http://www.google.com/base/feeds/snippets/5767845185221029524,1
b000ndibws,http://www.google.com/base/feeds/snippets/9484979283744840884,1
b000ndichc,http://www.google.com/base/feeds/snippets/13807405031002803472,1
b000ndicpy,http://www.google.com/base/feeds/snippets/13125236767288549966,1
b000ndicpy,http://www.google.com/base/feeds/snippets/4287560991242110323,1
b000ndicuy,http://www.google.com/base/feeds/snippets/2263647849333008264,1
b000ndicze,http://www.google.com/base/feeds/snippets/15315731988494931444,1
b000ndicze,http://www.google.com/base/feeds/snippets/17511510969143463932,1
b000ndid26,http://www.google.com/base/feeds/snippets/5673733196767057398,1
b000ndid4y,http://www.google.com/base/feeds/snippets/18383405503824080160,1
b000nkfee4,http://www.google.com/base/feeds/snippets/10699505690150129858,1
b000nkj29c,http://www.google.com/base/feeds/snippets/17390440905927321212,1
b000nkklwe,http://www.google.com/base/feeds/snippets/16700933768709687512,1
b000nknb26,http://www.google.com/base/feeds/snippets/16685945982481680279,1
b000nknb26,http://www.google.com/base/feeds/snippets/18407763828897928168,1
b000nknb44,http://www.google.com/base/feeds/snippets/5978521375376689048,1
b000nknb62,http://www.google.com/base/feeds/snippets/13773294714940805969,1
b000nkpf7u,http://www.google.com/base/feeds/snippets/18308374908816476565,1
b000nlwxii,http://www.google.com/base/feeds/snippets/18046511712294457433,1
b000nvkyse,http://www.google.com/base/feeds/snippets/1492097838915695810,1
b000nvspyo,http://www.google.com/base/feeds/snippets/17346668920138765245,1
b000nwsclo,http://www.google.com/base/feeds/snippets/18404168006486239466,1
b000o39tgo,http://www.google.com/base/feeds/snippets/11742689310169054682,1
b000o39tgo,http://www.google.com/base/feeds/snippets/17939626833908573527,1
b000o39u3g,http://www.google.com/base/feeds/snippets/13023052343955574084,1
b000o39u8q,http://www.google.com/base/feeds/snippets/12958721621590299185,1
b000o39u8q,http://www.google.com/base/feeds/snippets/5609692463569230619,1
b000o3bgh4,http://www.google.com/base/feeds/snippets/5477812729338266692,1
b000o3bj3k,http://www.google.com/base/feeds/snippets/12942134175594025487,1
b000o3ek2m,http://www.google.com/base/feeds/snippets/18295506345742178609,1
b000o8g7z0,http://www.google.com/base/feeds/snippets/2442636071527910651,1
b000o8gs3g,http://www.google.com/base/feeds/snippets/4395553239306869895,1
b000om7diq,http://www.google.com/base/feeds/snippets/11294551601294188336,1
b000om7diq,http://www.google.com/base/feeds/snippets/17708766593513600591,1
b000om7diq,http://www.google.com/base/feeds/snippets/5216140459207502478,1
b000om8fba,http://www.google.com/base/feeds/snippets/10686405526722482213,1
b000ov0gao,http://www.google.com/base/feeds/snippets/18371601730045221642,1
b000ov404w,http://www.google.com/base/feeds/snippets/18304611545439824631,1
b000ovft92,http://www.google.com/base/feeds/snippets/10720405921949933758,1
b000oziaz8,http://www.google.com/base/feeds/snippets/15207825953028155236,1
b000ozibhk,http://www.google.com/base/feeds/snippets/18418631443367666576,1
b000ozjtoo,http://www.google.com/base/feeds/snippets/13637950682292849732,1
b000p49vis,http://www.google.com/base/feeds/snippets/17360430673200796553,1
b000p4tc82,http://www.google.com/base/feeds/snippets/18172308291108986699,1
b000p5in5e,http://www.google.com/base/feeds/snippets/17334196774609191985,1
b000p9cr34,http://www.google.com/base/feeds/snippets/18421148872586071492,1
b000p9eqva,http://www.google.com/base/feeds/snippets/13127837519859196528,1
b000pg7ha0,http://www.google.com/base/feeds/snippets/15026147703472509135,1
b000pg8kxs,http://www.google.com/base/feeds/snippets/13312621869477195220,1
b000ph8xs4,http://www.google.com/base/feeds/snippets/8417237654939994137,1
b000piht7e,http://www.google.com/base/feeds/snippets/17817863026849640364,1
b000pihtec,http://www.google.com/base/feeds/snippets/13778334917246964953,1
b000pijszk,http://www.google.com/base/feeds/snippets/18054567164113625813,1
b000q1pyv8,http://www.google.com/base/feeds/snippets/18171290245464117932,1
b000q71qqy,http://www.google.com/base/feeds/snippets/17293813878683470763,1
b000qclgqo,http://www.google.com/base/feeds/snippets/6176694480450258174,1
b000qctqne,http://www.google.com/base/feeds/snippets/18375765231096501819,1
b000qeitty,http://www.google.com/base/feeds/snippets/14918356353168654855,1
b000qfrt4o,http://www.google.com/base/feeds/snippets/17229680859570691562,1
b000qjrska,http://www.google.com/base/feeds/snippets/18371727039035112852,1
b000qs8n64,http://www.google.com/base/feeds/snippets/18422266773656246362,1
b000qtu1ay,http://www.google.com/base/feeds/snippets/18391195855196917401,1
b000qv5xqy,http://www.google.com/base/feeds/snippets/18391914133104937904,1
b000qxdj0y,http://www.google.com/base/feeds/snippets/11808064350838387307,1
b000r1cs5w,http://www.google.com/base/feeds/snippets/17872821788401002421,1
b000r1g844,http://www.google.com/base/feeds/snippets/13637950682292849732,1
b000ra20uq,http://www.google.com/base/feeds/snippets/594191839879876004,1
b000ra3l3g,http://www.google.com/base/feeds/snippets/6628446350064818078,1
b000ra5bl6,http://www.google.com/base/feeds/snippets/14007011703509063417,1
b000ra5bmk,http://www.google.com/base/feeds/snippets/16908015325729489564,1
b000ra778g,http://www.google.com/base/feeds/snippets/1503028931039652298,1
b000ra77bs,http://www.google.com/base/feeds/snippets/4432724463066898018,1
b000rgxto6,http://www.google.com/base/feeds/snippets/18107239556630917796,1
b000ri161w,http://www.google.com/base/feeds/snippets/4601529828088226069,1
b000rlqnr6,http://www.google.com/base/feeds/snippets/16687635820409313347,1
b000ro5o7s,http://www.google.com/base/feeds/snippets/12991998923940483779,1
b000ro5o7s,http://www.google.com/base/feeds/snippets/7129140322149464777,1
b000rwdd9q,http://www.google.com/base/feeds/snippets/13813465547037122851,1
b000s5x3q0,http://www.google.com/base/feeds/snippets/17919905528679711200,1
b000s8jxpc,http://www.google.com/base/feeds/snippets/18415890873747923115,1
b000saufbg,http://www.google.com/base/feeds/snippets/18225778049143407208,1
b000sqnbp2,http://www.google.com/base/feeds/snippets/18309926777977827139,1
b000szzpi4,http://www.google.com/base/feeds/snippets/17036928989465404370,1
b000tilkq6,http://www.google.com/base/feeds/snippets/5964541247628078613,1
b000tl4qb4,http://www.google.com/base/feeds/snippets/1949229857064458441,1
b000trgqqg,http://www.google.com/base/feeds/snippets/16874485945364761422,1
b000ub66ha,http://www.google.com/base/feeds/snippets/15897742829993345210,1
b000ub6avc,http://www.google.com/base/feeds/snippets/7795796130761039507,1
b000ujw3ss,http://www.google.com/base/feeds/snippets/3469210017983673758,1
b000v05f4k,http://www.google.com/base/feeds/snippets/18304228419567401310,1
b000v7rij8,http://www.google.com/base/feeds/snippets/16778737466501327415,1
